{
	"pattrstorage" : 	{
		"name" : "mozard",
		"slots" : 		{
			"1" : 			{
				"id" : 1,
				"data" : 				{
					"filter" : [ 1.0 ],
					"kslider" : [ -1 ],
					"pwm" : [ 0.0 ],
					"resonance" : [ 99.000000000000028 ],
					"shape(3)" : [ 87.999999999999929 ],
					"vibrato" : [ 0.0 ],
					"xor" : [ 0.0 ]
				}

			}
,
			"2" : 			{
				"id" : 2,
				"data" : 				{
					"filter" : [ 1.0 ],
					"kslider" : [ -1 ],
					"pwm" : [ 0.0 ],
					"resonance" : [ 60.999999999999964 ],
					"shape(3)" : [ 68.000000000000043 ],
					"vibrato" : [ 0.0 ],
					"xor" : [ 0.0 ]
				}

			}
,
			"3" : 			{
				"id" : 3,
				"data" : 				{
					"filter" : [ 0.0 ],
					"kslider" : [ -1 ],
					"pwm" : [ 1.0 ],
					"resonance" : [ 60.999999999999964 ],
					"shape(3)" : [ 65.000000000000028 ],
					"vibrato" : [ 0.0 ],
					"xor" : [ 0.0 ]
				}

			}
,
			"4" : 			{
				"id" : 4,
				"data" : 				{
					"filter" : [ 0.0 ],
					"kslider" : [ -1 ],
					"pwm" : [ 0.0 ],
					"resonance" : [ 60.999999999999964 ],
					"shape(3)" : [ 6.00000000000002 ],
					"vibrato" : [ 127.0 ],
					"xor" : [ 0.0 ]
				}

			}
,
			"5" : 			{
				"id" : 5,
				"data" : 				{
					"filter" : [ 0.0 ],
					"kslider" : [ -1 ],
					"pwm" : [ 0.0 ],
					"resonance" : [ 0.0 ],
					"shape(3)" : [ 66.000000000000099 ],
					"vibrato" : [ 61.999999999999943 ],
					"xor" : [ 109.999999999999943 ]
				}

			}
,
			"6" : 			{
				"id" : 6,
				"data" : 				{
					"filter" : [ 1.0 ],
					"kslider" : [ -1 ],
					"pwm" : [ 1.0 ],
					"resonance" : [ 37.999999999999986 ],
					"shape(3)" : [ 61.999999999999865 ],
					"vibrato" : [ 0.0 ],
					"xor" : [ 0.0 ]
				}

			}
,
			"7" : 			{
				"id" : 7,
				"data" : 				{
					"filter" : [ 0.0 ],
					"kslider" : [ -1 ],
					"pwm" : [ 0.0 ],
					"resonance" : [ 60.999999999999964 ],
					"shape(3)" : [ 60.99999999999995 ],
					"vibrato" : [ 56.000000000000064 ],
					"xor" : [ 0.0 ]
				}

			}
,
			"24" : 			{
				"id" : 24,
				"data" : 				{
					"filter" : [ 0.0 ],
					"kslider" : [ -1 ],
					"pwm" : [ 0.0 ],
					"resonance" : [ 0.0 ],
					"shape(3)" : [ 68.000000000000043 ],
					"vibrato" : [ 0.0 ],
					"xor" : [ 0.0 ]
				}

			}

		}

	}

}
